{
  "rmse": 10515.759650054215,
  "mae": 8119.479166666667,
  "r2": 0.9262619156266207,
  "mape_percent": 6.293567619540695
}